[{"name":"Joy Chandra Roy","e-mail":"19-40734-1@student.aiub.edu","phone":"01737900892","username":"royjoy123","password":"zxcvbnma","class":"Ten","group":"Science","about":"i am searching for a teacher.","dob":"2022-07-07","gender":"male","area":"Baridhara"},{"name":"Joy Chandra Roy","e-mail":"adjr7000@gmail.com","phone":"01737900892","username":"joychandra","password":"asdfghjk","class":"Three","group":"None","about":"","dob":"2022-07-07","gender":"male","area":"Banani"},{"name":"Joy Chandra Roy","e-mail":"joyroy0349@gmail.com","phone":"01737900892","username":"joychandra","password":"asdfghjk","class":"One","group":"Arts","about":"gg","dob":"2022-08-09","gender":"male","area":"Bashundhara"},{"name":"Joy Chandra Roy","e-mail":"adjr7000@gmail.com","phone":"01737900892","username":"joychandra","password":"asdfghjk","class":"Intermediate 1st year","group":"Science","about":"","dob":"2022-08-10","gender":"male","area":"Dhanmondi"},{"name":"Joy Chandra Roy","e-mail":"adjr7000@gmail.com","phone":"01737900892","username":"joychandra","password":"12345678","class":"One","group":"None","about":"","dob":"2022-08-10","gender":"male","area":""},{"name":"Joy Chandra Roy","e-mail":"adjr7000@gmail.com","phone":"01737900892","username":"joychandra","password":"12345678","class":"One","group":"None","about":"","dob":"2022-08-10","gender":"male","area":""},{"name":"Joy Chandra Roy","e-mail":"adjr7000@gmail.com","phone":"01737900892","username":"joychandra","password":"12345678","class":"","group":"","about":"","dob":"2022-08-10","gender":"male","area":""},{"name":"Joy Chandra Roy","e-mail":"adjr7000@gmail.com","phone":"01737900892","username":"joychandra","password":"12345678","class":"","group":"","about":"","dob":"2022-08-10","gender":"male","area":""},{"name":"Joy Chandra Roy","e-mail":"adjr7000@gmail.com","phone":"01737900892","username":"joychandra","password":"12345678","class":"Three","group":"None","about":"","dob":"2022-08-10","gender":"male","area":""},{"name":"Joy Chandra Roy","e-mail":"adjr7000@gmail.com","phone":"01737900892","username":"joychandra","password":"12345678","class":"One","group":"None","about":"","dob":"2022-08-10","gender":"male","area":""},{"name":"Joy Chandra Roy","e-mail":"adjr7000@gmail.com","phone":"01737900892","username":"joychandra","password":"12345678","class":"Two","group":"None","about":"","dob":"2022-08-10","gender":"male","area":""}]